BranchID,Date,ModelM_PredictedRevenue
P01,2026-06-01,2703.78
P01,2026-06-02,1586.33
P01,2026-06-03,2409.17
P01,2026-06-04,2134.92
P01,2026-06-05,1856.27
P01,2026-06-06,2820.54
P01,2026-06-07,3165.82
P01,2026-06-08,1984.82
P01,2026-06-09,1379.42
P01,2026-06-10,2280.95
P01,2026-06-11,1673.85
P01,2026-06-12,2381.74
P01,2026-06-13,2259.91
P01,2026-06-14,2348.61
P01,2026-06-15,1895.16
P01,2026-06-16,1770.08
P01,2026-06-17,2310.68
P01,2026-06-18,1987.72
P01,2026-06-19,1935.16
P01,2026-06-20,3279.18
P01,2026-06-21,3409.44
P01,2026-06-22,2338.1
P01,2026-06-23,2451.03
P01,2026-06-24,1689.01
P01,2026-06-25,1693.45
P01,2026-06-26,2164.01
P01,2026-06-27,2963.13
P01,2026-06-28,3105.42
P01,2026-06-29,1984.75
P01,2026-06-30,1722.85
P01,2026-07-01,1591.41
P01,2026-07-02,2123.78
P01,2026-07-03,2034.12
P01,2026-07-04,3474.35
P01,2026-07-05,3661.89
P01,2026-07-06,2335.73
P01,2026-07-07,2620.39
P01,2026-07-08,2083.17
P01,2026-07-09,1733.73
P01,2026-07-10,2285.8
P01,2026-07-11,2530.41
P01,2026-07-12,3730.55
P01,2026-07-13,2264.96
P01,2026-07-14,1737.46
P01,2026-07-15,1893.29
P01,2026-07-16,1967.1
P01,2026-07-17,2133.85
P01,2026-07-18,3077.41
P01,2026-07-19,3065.11
P01,2026-07-20,2267.82
P01,2026-07-21,1930.43
P01,2026-07-22,2155.42
P01,2026-07-23,2503.74
P01,2026-07-24,2099.48
P01,2026-07-25,2922.37
P01,2026-07-26,2110.74
P01,2026-07-27,1948.7
P01,2026-07-28,1886.56
P01,2026-07-29,2387.41
P01,2026-07-30,2422.49
P01,2026-07-31,2170.22
P01,2026-08-01,2766.05
P01,2026-08-02,3078.73
P01,2026-08-03,2070.97
P01,2026-08-04,2358.35
P01,2026-08-05,1981.45
P01,2026-08-06,1748.69
P01,2026-08-07,2212.71
P01,2026-08-08,2388.49
P01,2026-08-09,2935.23
P01,2026-08-10,2389.08
P01,2026-08-11,1651.71
P01,2026-08-12,1794.94
P01,2026-08-13,1516.34
P01,2026-08-14,1905.25
P01,2026-08-15,2873.36
P01,2026-08-16,3134.86
P01,2026-08-17,2529.24
P01,2026-08-18,1995.39
P01,2026-08-19,1820.06
P01,2026-08-20,9632.72
P01,2026-08-21,2328.0
P01,2026-08-22,2829.66
P01,2026-08-23,2998.14
P01,2026-08-24,2122.44
P01,2026-08-25,2112.9
P01,2026-08-26,2058.47
P01,2026-08-27,2484.64
P01,2026-08-28,1727.67
P01,2026-08-29,3547.15
P01,2026-08-30,2952.93
P01,2026-08-31,2104.06
P02,2026-06-01,1448.26
P02,2026-06-02,1671.17
P02,2026-06-03,1741.27
P02,2026-06-04,1604.7
P02,2026-06-05,2078.8
P02,2026-06-06,2233.06
P02,2026-06-07,1880.61
P02,2026-06-08,1711.01
P02,2026-06-09,1581.21
P02,2026-06-10,1966.49
P02,2026-06-11,1708.94
P02,2026-06-12,1557.23
P02,2026-06-13,2866.91
P02,2026-06-14,2957.45
P02,2026-06-15,1261.86
P02,2026-06-16,2110.56
P02,2026-06-17,1690.26
P02,2026-06-18,1449.42
P02,2026-06-19,1516.27
P02,2026-06-20,2168.25
P02,2026-06-21,2090.01
P02,2026-06-22,1535.25
P02,2026-06-23,1396.59
P02,2026-06-24,1954.44
P02,2026-06-25,1790.35
P02,2026-06-26,1338.35
P02,2026-06-27,2658.57
P02,2026-06-28,2508.41
P02,2026-06-29,1747.13
P02,2026-06-30,1915.86
P02,2026-07-01,1404.6
P02,2026-07-02,1279.49
P02,2026-07-03,1558.57
P02,2026-07-04,2235.95
P02,2026-07-05,2346.32
P02,2026-07-06,1342.53
P02,2026-07-07,1477.68
P02,2026-07-08,1683.08
P02,2026-07-09,1282.83
P02,2026-07-10,1466.95
P02,2026-07-11,2305.55
P02,2026-07-12,1937.75
P02,2026-07-13,1285.27
P02,2026-07-14,1916.62
P02,2026-07-15,1654.88
P02,2026-07-16,1884.46
P02,2026-07-17,1778.39
P02,2026-07-18,1894.52
P02,2026-07-19,2310.6
P02,2026-07-20,1864.29
P02,2026-07-21,1384.75
P02,2026-07-22,1590.81
P02,2026-07-23,2967.9
P02,2026-07-24,1623.65
P02,2026-07-25,2809.59
P02,2026-07-26,2377.15
P02,2026-07-27,1694.14
P02,2026-07-28,1348.38
P02,2026-07-29,2296.76
P02,2026-07-30,1230.15
P02,2026-07-31,1862.03
P02,2026-08-01,2333.51
P02,2026-08-02,2272.38
P02,2026-08-03,1543.97
P02,2026-08-04,1733.0
P02,2026-08-05,1234.25
P02,2026-08-06,2025.35
P02,2026-08-07,1377.01
P02,2026-08-08,2444.05
P02,2026-08-09,2165.52
P02,2026-08-10,1257.71
P02,2026-08-11,1614.5
P02,2026-08-12,6496.09
P02,2026-08-13,1691.15
P02,2026-08-14,1550.1
P02,2026-08-15,2565.61
P02,2026-08-16,2201.28
P02,2026-08-17,1525.7
P02,2026-08-18,1762.6
P02,2026-08-19,1593.0
P02,2026-08-20,1905.51
P02,2026-08-21,1855.39
P02,2026-08-22,2746.41
P02,2026-08-23,3033.67
P02,2026-08-24,1747.43
P02,2026-08-25,1867.33
P02,2026-08-26,1841.15
P02,2026-08-27,1506.82
P02,2026-08-28,1793.82
P02,2026-08-29,2486.41
P02,2026-08-30,2544.66
P02,2026-08-31,1593.81
P03,2026-06-01,971.66
P03,2026-06-02,668.23
P03,2026-06-03,1197.14
P03,2026-06-04,823.02
P03,2026-06-05,984.97
P03,2026-06-06,1102.0
P03,2026-06-07,1299.75
P03,2026-06-08,2741.93
P03,2026-06-09,1243.03
P03,2026-06-10,1345.07
P03,2026-06-11,1740.43
P03,2026-06-12,919.19
P03,2026-06-13,4636.88
P03,2026-06-14,1651.57
P03,2026-06-15,1139.82
P03,2026-06-16,407.42
P03,2026-06-17,917.19
P03,2026-06-18,1891.39
P03,2026-06-19,1494.54
P03,2026-06-20,2535.79
P03,2026-06-21,3067.32
P03,2026-06-22,1193.79
P03,2026-06-23,1240.87
P03,2026-06-24,482.86
P03,2026-06-25,525.54
P03,2026-06-26,3631.5
P03,2026-06-27,1587.75
P03,2026-06-28,673.39
P03,2026-06-29,1027.94
P03,2026-06-30,1893.15
P03,2026-07-01,1356.02
P03,2026-07-02,2326.56
P03,2026-07-03,1303.16
P03,2026-07-04,1009.92
P03,2026-07-05,342.21
P03,2026-07-06,424.06
P03,2026-07-07,1747.81
P03,2026-07-08,1676.44
P03,2026-07-09,560.91
P03,2026-07-10,602.74
P03,2026-07-11,734.11
P03,2026-07-12,2787.08
P03,2026-07-13,1800.26
P03,2026-07-14,1588.62
P03,2026-07-15,2381.58
P03,2026-07-16,1070.72
P03,2026-07-17,1058.71
P03,2026-07-18,2231.28
P03,2026-07-19,2518.62
P03,2026-07-20,1151.25
P03,2026-07-21,1844.7
P03,2026-07-22,869.66
P03,2026-07-23,756.53
P03,2026-07-24,1806.82
P03,2026-07-25,1210.07
P03,2026-07-26,5265.77
P03,2026-07-27,3043.45
P03,2026-07-28,1266.83
P03,2026-07-29,896.28
P03,2026-07-30,1289.18
P03,2026-07-31,654.88
P03,2026-08-01,1822.76
P03,2026-08-02,1981.52
P03,2026-08-03,1766.78
P03,2026-08-04,2087.08
P03,2026-08-05,848.87
P03,2026-08-06,2370.02
P03,2026-08-07,961.27
P03,2026-08-08,2923.02
P03,2026-08-09,708.42
P03,2026-08-10,3350.06
P03,2026-08-11,1078.2
P03,2026-08-12,1392.56
P03,2026-08-13,1609.57
P03,2026-08-14,423.23
P03,2026-08-15,1149.89
P03,2026-08-16,1640.66
P03,2026-08-17,957.29
P03,2026-08-18,569.56
P03,2026-08-19,1347.36
P03,2026-08-20,1192.85
P03,2026-08-21,1019.38
P03,2026-08-22,1652.75
P03,2026-08-23,3422.51
P03,2026-08-24,759.33
P03,2026-08-25,1955.85
P03,2026-08-26,1902.24
P03,2026-08-27,1526.17
P03,2026-08-28,496.58
P03,2026-08-29,1797.38
P03,2026-08-30,2965.4
P03,2026-08-31,437.6
P04,2026-06-01,1155.89
P04,2026-06-02,1120.51
P04,2026-06-03,294.74
P04,2026-06-04,462.57
P04,2026-06-05,1360.82
P04,2026-06-06,1526.21
P04,2026-06-07,619.95
P04,2026-06-08,513.08
P04,2026-06-09,767.86
P04,2026-06-10,1906.4
P04,2026-06-11,458.16
P04,2026-06-12,1269.9
P04,2026-06-13,1644.32
P04,2026-06-14,948.79
P04,2026-06-15,490.02
P04,2026-06-16,92.15
P04,2026-06-17,1548.54
P04,2026-06-18,1454.15
P04,2026-06-19,461.64
P04,2026-06-20,982.96
P04,2026-06-21,1341.04
P04,2026-06-22,1123.24
P04,2026-06-23,1018.97
P04,2026-06-24,1112.7
P04,2026-06-25,906.01
P04,2026-06-26,726.52
P04,2026-06-27,3010.58
P04,2026-06-28,1464.86
P04,2026-06-29,1194.82
P04,2026-06-30,968.35
P04,2026-07-01,762.14
P04,2026-07-02,557.04
P04,2026-07-03,364.6
P04,2026-07-04,1440.85
P04,2026-07-05,1526.11
P04,2026-07-06,1087.03
P04,2026-07-07,1201.25
P04,2026-07-08,280.15
P04,2026-07-09,387.53
P04,2026-07-10,279.48
P04,2026-07-11,961.85
P04,2026-07-12,1213.13
P04,2026-07-13,800.43
P04,2026-07-14,563.0
P04,2026-07-15,4381.32
P04,2026-07-16,1111.78
P04,2026-07-17,3400.78
P04,2026-07-18,535.98
P04,2026-07-19,819.03
P04,2026-07-20,1938.24
P04,2026-07-21,1289.29
P04,2026-07-22,211.63
P04,2026-07-23,537.7
P04,2026-07-24,201.27
P04,2026-07-25,2585.35
P04,2026-07-26,1667.04
P04,2026-07-27,751.87
P04,2026-07-28,1283.05
P04,2026-07-29,333.19
P04,2026-07-30,897.84
P04,2026-07-31,1576.73
P04,2026-08-01,3238.63
P04,2026-08-02,1358.37
P04,2026-08-03,157.19
P04,2026-08-04,605.61
P04,2026-08-05,1427.92
P04,2026-08-06,1648.6
P04,2026-08-07,1713.17
P04,2026-08-08,777.95
P04,2026-08-09,1289.2
P04,2026-08-10,1454.32
P04,2026-08-11,929.02
P04,2026-08-12,787.55
P04,2026-08-13,626.16
P04,2026-08-14,1495.64
P04,2026-08-15,1390.41
P04,2026-08-16,610.95
P04,2026-08-17,763.11
P04,2026-08-18,785.76
P04,2026-08-19,924.72
P04,2026-08-20,2221.43
P04,2026-08-21,857.95
P04,2026-08-22,1106.0
P04,2026-08-23,1832.88
P04,2026-08-24,1455.22
P04,2026-08-25,811.85
P04,2026-08-26,1377.14
P04,2026-08-27,2899.11
P04,2026-08-28,2628.1
P04,2026-08-29,1301.48
P04,2026-08-30,817.08
P04,2026-08-31,2143.84
P05,2026-06-01,962.14
P05,2026-06-02,813.32
P05,2026-06-03,1509.13
P05,2026-06-04,1195.15
P05,2026-06-05,888.42
P05,2026-06-06,1758.13
P05,2026-06-07,1605.65
P05,2026-06-08,1023.68
P05,2026-06-09,1240.69
P05,2026-06-10,1152.17
P05,2026-06-11,814.84
P05,2026-06-12,1297.01
P05,2026-06-13,2074.49
P05,2026-06-14,2951.49
P05,2026-06-15,970.66
P05,2026-06-16,1589.36
P05,2026-06-17,1076.49
P05,2026-06-18,1255.86
P05,2026-06-19,1298.94
P05,2026-06-20,1374.22
P05,2026-06-21,1441.3
P05,2026-06-22,1159.29
P05,2026-06-23,1553.89
P05,2026-06-24,1634.21
P05,2026-06-25,1153.39
P05,2026-06-26,1574.61
P05,2026-06-27,1575.38
P05,2026-06-28,2002.15
P05,2026-06-29,1305.87
P05,2026-06-30,944.15
P05,2026-07-01,1717.13
P05,2026-07-02,1582.27
P05,2026-07-03,1289.01
P05,2026-07-04,1512.99
P05,2026-07-05,1578.68
P05,2026-07-06,920.19
P05,2026-07-07,1313.49
P05,2026-07-08,1309.48
P05,2026-07-09,1058.98
P05,2026-07-10,1265.24
P05,2026-07-11,1775.13
P05,2026-07-12,2008.81
P05,2026-07-13,1205.19
P05,2026-07-14,1283.63
P05,2026-07-15,1146.52
P05,2026-07-16,1887.79
P05,2026-07-17,940.89
P05,2026-07-18,1559.39
P05,2026-07-19,1701.67
P05,2026-07-20,908.11
P05,2026-07-21,1166.7
P05,2026-07-22,1753.64
P05,2026-07-23,1165.31
P05,2026-07-24,1065.94
P05,2026-07-25,2270.0
P05,2026-07-26,1446.47
P05,2026-07-27,1259.65
P05,2026-07-28,1083.38
P05,2026-07-29,1327.91
P05,2026-07-30,891.55
P05,2026-07-31,1430.65
P05,2026-08-01,1560.18
P05,2026-08-02,1807.09
P05,2026-08-03,1379.75
P05,2026-08-04,1604.62
P05,2026-08-05,1275.94
P05,2026-08-06,1432.33
P05,2026-08-07,1032.82
P05,2026-08-08,2287.97
P05,2026-08-09,1574.52
P05,2026-08-10,1192.93
P05,2026-08-11,1460.47
P05,2026-08-12,1609.35
P05,2026-08-13,851.47
P05,2026-08-14,1059.93
P05,2026-08-15,1497.21
P05,2026-08-16,2004.37
P05,2026-08-17,1163.52
P05,2026-08-18,1381.68
P05,2026-08-19,1143.15
P05,2026-08-20,928.85
P05,2026-08-21,962.23
P05,2026-08-22,1538.52
P05,2026-08-23,1304.29
P05,2026-08-24,946.25
P05,2026-08-25,925.77
P05,2026-08-26,1261.48
P05,2026-08-27,1046.05
P05,2026-08-28,1022.98
P05,2026-08-29,1954.93
P05,2026-08-30,1443.15
P05,2026-08-31,971.62
P06,2026-06-01,1344.15
P06,2026-06-02,947.78
P06,2026-06-03,582.52
P06,2026-06-04,1644.65
P06,2026-06-05,518.99
P06,2026-06-06,2068.29
P06,2026-06-07,1230.32
P06,2026-06-08,903.1
P06,2026-06-09,742.44
P06,2026-06-10,1122.29
P06,2026-06-11,860.8
P06,2026-06-12,237.84
P06,2026-06-13,1083.56
P06,2026-06-14,889.77
P06,2026-06-15,1748.08
P06,2026-06-16,726.09
P06,2026-06-17,340.32
P06,2026-06-18,969.26
P06,2026-06-19,1335.19
P06,2026-06-20,790.28
P06,2026-06-21,597.34
P06,2026-06-22,552.13
P06,2026-06-23,2042.67
P06,2026-06-24,1162.45
P06,2026-06-25,2021.44
P06,2026-06-26,845.52
P06,2026-06-27,1310.12
P06,2026-06-28,1019.81
P06,2026-06-29,434.43
P06,2026-06-30,416.38
P06,2026-07-01,309.95
P06,2026-07-02,675.27
P06,2026-07-03,1197.66
P06,2026-07-04,683.36
P06,2026-07-05,562.61
P06,2026-07-06,460.9
P06,2026-07-07,668.18
P06,2026-07-08,727.41
P06,2026-07-09,137.3
P06,2026-07-10,481.78
P06,2026-07-11,558.07
P06,2026-07-12,1012.23
P06,2026-07-13,657.2
P06,2026-07-14,601.75
P06,2026-07-15,1316.65
P06,2026-07-16,248.69
P06,2026-07-17,1050.99
P06,2026-07-18,2826.73
P06,2026-07-19,2029.58
P06,2026-07-20,258.76
P06,2026-07-21,453.32
P06,2026-07-22,1413.46
P06,2026-07-23,428.22
P06,2026-07-24,1093.56
P06,2026-07-25,780.77
P06,2026-07-26,2384.07
P06,2026-07-27,889.02
P06,2026-07-28,603.31
P06,2026-07-29,933.42
P06,2026-07-30,856.48
P06,2026-07-31,1638.54
P06,2026-08-01,3921.89
P06,2026-08-02,2910.93
P06,2026-08-03,221.72
P06,2026-08-04,1503.07
P06,2026-08-05,1710.8
P06,2026-08-06,2129.16
P06,2026-08-07,578.42
P06,2026-08-08,4327.82
P06,2026-08-09,1417.1
P06,2026-08-10,607.88
P06,2026-08-11,1390.19
P06,2026-08-12,272.0
P06,2026-08-13,619.22
P06,2026-08-14,1190.57
P06,2026-08-15,695.36
P06,2026-08-16,1819.97
P06,2026-08-17,637.44
P06,2026-08-18,708.77
P06,2026-08-19,1267.73
P06,2026-08-20,4199.76
P06,2026-08-21,693.01
P06,2026-08-22,1035.86
P06,2026-08-23,2418.85
P06,2026-08-24,3487.26
P06,2026-08-25,956.5
P06,2026-08-26,1015.67
P06,2026-08-27,789.55
P06,2026-08-28,1146.51
P06,2026-08-29,1102.0
P06,2026-08-30,617.67
P06,2026-08-31,875.13
